{"S_A": {"NH4_removal": -2.668270005647113e-05, "P_removal": 4.053245097990464e-06, "NH4_removal^2": -8.3932073411133e-05, "P_removal^2": -8.105256747989828e-06, "EI": 0, "EI^2": 0, "base": 0.0006}, "S_F": {"NH4_removal": 1.8732605346620339e-06, "P_removal": -5.379629830463866e-07, "NH4_removal^2": 9.29314956047818e-06, "P_removal^2": 1.0846808884686683e-06, "EI": 0, "EI^2": 0, "base": 0.0004}, "S_I": {"NH4_removal": 0.0013408722396746385, "P_removal": 0.00018642149935410368, "NH4_removal^2": -0.0009443037193681963, "P_removal^2": -0.0003727003330930028, "EI": 0, "EI^2": 0, "base": 0.057}, "S_N2": {"NH4_removal": -0.017515570557754045, "P_removal": 0.0008651542840209486, "NH4_removal^2": 0, "P_removal^2": 0, "EI": 0, "EI^2": 0, "base": 0.047}, "S_NH4": {"NH4_removal": -0.003997133898790839, "P_removal": -5.2632919394134284e-05, "NH4_removal^2": 0, "P_removal^2": 0, "EI": 0, "EI^2": 0, "base": 0.0075}, "S_NO3": {"NH4_removal": -0.0026698147977508666, "P_removal": -0.00014183747037847732, "NH4_removal^2": 0, "P_removal^2": 0, "EI": 0, "EI^2": 0, "base": 0.003}, "S_O2": {"NH4_removal": 0, "P_removal": 0, "EI": 0, "NH4_removal^2": 0, "P_removal^2": 0, "EI^2": 0}, "S_PO4": {"NH4_removal": 0.09076315149132456, "P_removal": -0.8326743143375124, "NH4_removal^2": 0, "P_removal^2": 0, "EI": 0, "EI^2": 0, "base": 0.73}, "S_K": {"NH4_removal": 0.001352782169394823, "P_removal": 0.00022288156694887624, "NH4_removal^2": -0.0014125369975893265, "P_removal^2": -0.0004454683812278064, "EI": 0, "EI^2": 0, "base": 0.37}, "S_Mg": {"NH4_removal": 0.00152434733975001, "P_removal": 0.00021187866240116913, "NH4_removal^2": -0.0010727534716988667, "P_removal^2": -0.00042357969847459093, "EI": 0, "EI^2": 0, "base": 0.02}, "S_IC": {"NH4_removal": -0.004497680890858856, "P_removal": -0.0005739863258153055, "NH4_removal^2": 0.0024881684415555784, "P_removal^2": 0.0011474968891463204, "EI": 0, "EI^2": 0, "base": 0.13}, "X_AUT": {"NH4_removal": -0.08815012108361545, "P_removal": 0.0015002196561257242, "NH4_removal^2": 0, "P_removal^2": 0, "EI": 0, "EI^2": 0, "base": 0.11}, "X_H": {"NH4_removal": -0.1718475486638715, "P_removal": -0.0015868248223627045, "NH4_removal^2": 0, "P_removal^2": 0, "EI": 0, "EI^2": 0, "base": 3.5}, "X_I": {"NH4_removal": -0.1900200195262443, "P_removal": -0.021416343445671632, "NH4_removal^2": 0.06763932579893733, "P_removal^2": 0.04281688288891545, "EI": 0, "EI^2": 0, "base": 3.2}, "X_PAO": {"NH4_removal": 0.4883152290120609, "P_removal": 0.01941567396936289, "NH4_removal^2": 0, "P_removal^2": 0, "EI": 0, "EI^2": 0, "base": 3.2}, "X_PHA": {"NH4_removal": 0.008537694777123184, "P_removal": 0.0006613645094170549, "NH4_removal^2": 0, "P_removal^2": 0, "EI": 0, "EI^2": 0, "base": 0.084}, "X_PP": {"NH4_removal": 0.15978494050834757, "P_removal": 0.0024025750348010376, "NH4_removal^2": 0, "P_removal^2": 0, "EI": 0, "EI^2": 0, "base": 1.07}, "X_S": {"NH4_removal": -0.0005561525651637112, "P_removal": 2.976235592215732e-07, "NH4_removal^2": 0, "P_removal^2": 0, "EI": 0, "EI^2": 0, "base": 0.057}}