{"S_A": {"NH4_removal": -7.543830614902088e-05, "P_removal": 2.417546031147812e-05, "NH4_removal^2": 0, "P_removal^2": 0, "EI": 0, "EI^2": 0, "base": 0.0006}, "S_F": {"NH4_removal": 6.916208108583757e-06, "P_removal": -1.6354250665766703e-06, "NH4_removal^2": 0, "P_removal^2": 0, "EI": 0, "EI^2": 0, "base": 0.0004}, "S_I": {"NH4_removal": 0, "P_removal": 0, "EI": 0, "NH4_removal^2": 0, "P_removal^2": 0, "EI^2": 0}, "S_N2": {"NH4_removal": -0.016750646907661385, "P_removal": 0.000441489530944898, "NH4_removal^2": 0, "P_removal^2": 0, "EI": 0, "EI^2": 0, "base": 0.047}, "S_NH4": {"NH4_removal": -0.004061501988922222, "P_removal": 2.89355132892319e-05, "NH4_removal^2": 0, "P_removal^2": 0, "EI": 0, "EI^2": 0, "base": 0.0075}, "S_NO3": {"NH4_removal": -0.0028269618117482058, "P_removal": 2.6778415170532495e-05, "NH4_removal^2": 0, "P_removal^2": 0, "EI": 0, "EI^2": 0, "base": 0.003}, "S_O2": {"NH4_removal": 0, "P_removal": 0, "EI": 0, "NH4_removal^2": 0, "P_removal^2": 0, "EI^2": 0}, "S_PO4": {"NH4_removal": 0.08213628112848112, "P_removal": -0.7844472462828589, "NH4_removal^2": 0, "P_removal^2": 0, "EI": 0, "EI^2": 0, "base": 0.73}, "S_K": {"NH4_removal": 0.0006294755744839963, "P_removal": -0.0002110180166506717, "NH4_removal^2": 0.0001970769814808802, "P_removal^2": 0.0007067403282057031, "EI": 0, "EI^2": 0, "base": 0.37}, "S_Mg": {"NH4_removal": 0.0008883581507897515, "P_removal": -0.0001713279035434028, "NH4_removal^2": 0.00034639545123523694, "P_removal^2": 0.0005739497281865417, "EI": 0, "EI^2": 0, "base": 0.02}, "S_IC": {"NH4_removal": -0.0028530487985207516, "P_removal": 0.0004134226665184345, "NH4_removal^2": -0.001186289522323862, "P_removal^2": -0.0013855076578209796, "EI": 0, "EI^2": 0, "base": 0.13}, "X_AUT": {"NH4_removal": -0.08677471630143352, "P_removal": 0.0006163484100738183, "NH4_removal^2": 0, "P_removal^2": 0, "EI": 0, "EI^2": 0, "base": 0.11}, "X_H": {"NH4_removal": -0.17463267035472219, "P_removal": 0.0035089397617572965, "NH4_removal^2": 0, "P_removal^2": 0, "EI": 0, "EI^2": 0, "base": 3.5}, "X_I": {"NH4_removal": -0.15482447901149313, "P_removal": -0.020303936806937952, "NH4_removal^2": 0, "P_removal^2": 0, "EI": 0, "EI^2": 0, "base": 3.2}, "X_PAO": {"NH4_removal": 0.5047313978204141, "P_removal": 0.012189244431888771, "NH4_removal^2": 0, "P_removal^2": 0, "EI": 0, "EI^2": 0, "base": 3.2}, "X_PHA": {"NH4_removal": 0.00916063938096264, "P_removal": 0.00021692080656521837, "NH4_removal^2": 0, "P_removal^2": 0, "EI": 0, "EI^2": 0, "base": 0.084}, "X_PP": {"NH4_removal": 0.16177833321976412, "P_removal": 0.0016501693036927658, "NH4_removal^2": 0, "P_removal^2": 0, "EI": 0, "EI^2": 0, "base": 1.07}, "X_S": {"NH4_removal": -0.0005467849975509905, "P_removal": -2.8186162665523687e-05, "NH4_removal^2": 0, "P_removal^2": 0, "EI": 0, "EI^2": 0, "base": 0.057}}