{"S_A": {"NH4_removal": 8.006548009705924e-05, "P_removal": 0.0002920578585702217, "NH4_removal^2": -0.0014316014314010954, "P_removal^2": -4.7892694792014986e-05, "EI": 0, "EI^2": 0, "base": 0.097}, "S_F": {"NH4_removal": -0.005042192679932456, "P_removal": -0.00042216562974032755, "NH4_removal^2": 0.0018826652657688504, "P_removal^2": 0.00014859549947062307, "EI": 0, "EI^2": 0, "base": 0.15}, "S_I": {"NH4_removal": 0, "P_removal": 0, "EI": 0, "NH4_removal^2": 0, "P_removal^2": 0, "EI^2": 0}, "S_N2": {"NH4_removal": -0.008580866328965674, "P_removal": 0.00019457539342321856, "NH4_removal^2": 0, "P_removal^2": 0, "EI": 0, "EI^2": 0, "base": 0.036}, "S_NH4": {"NH4_removal": -0.015026767704683346, "P_removal": -0.0007723125672024935, "NH4_removal^2": 0, "P_removal^2": 0, "EI": 0, "EI^2": 0, "base": 0.03}, "S_NO3": {"NH4_removal": -0.0017881872700777558, "P_removal": 6.974871609344841e-05, "NH4_removal^2": 0, "P_removal^2": 0, "EI": 0, "EI^2": 0, "base": 0.002}, "S_O2": {"NH4_removal": 0.00012537446782442523, "P_removal": 1.559521293131823e-05, "NH4_removal^2": -6.588539483408769e-05, "P_removal^2": -4.929105414741479e-06, "EI": 0, "EI^2": 0, "base": 0.0013}, "S_PO4": {"NH4_removal": 0.0770542477657087, "P_removal": -0.7811331357518957, "NH4_removal^2": 0, "P_removal^2": 0, "EI": 0, "EI^2": 0, "base": 0.74}, "S_K": {"NH4_removal": 0, "P_removal": 0, "EI": 0, "NH4_removal^2": 0, "P_removal^2": 0, "EI^2": 0}, "S_Mg": {"NH4_removal": 0.0003716817951883852, "P_removal": 2.166716634020244e-05, "NH4_removal^2": 0, "P_removal^2": 0, "EI": 0, "EI^2": 0, "base": 0.024}, "S_IC": {"NH4_removal": -0.0022638727931832596, "P_removal": -0.0006125262569797535, "NH4_removal^2": 0.0029012378347834083, "P_removal^2": 0.00013886637533828792, "EI": 0, "EI^2": 0, "base": 0.075}, "X_AUT": {"NH4_removal": -0.22681946505235742, "P_removal": -0.0014361919486319907, "NH4_removal^2": 0, "P_removal^2": 0, "EI": 0, "EI^2": 0, "base": 0.28}, "X_H": {"NH4_removal": -0.9397172089685043, "P_removal": -0.00019683609933856145, "NH4_removal^2": 0, "P_removal^2": 0, "EI": 0, "EI^2": 0, "base": 23.4}, "X_I": {"NH4_removal": -0.45595796246918, "P_removal": 0.013250243688805499, "NH4_removal^2": 0, "P_removal^2": 0, "EI": 0, "EI^2": 0, "base": 11.4}, "X_PAO": {"NH4_removal": 0.9739634119284433, "P_removal": 0.03233824982192772, "NH4_removal^2": 0, "P_removal^2": 0, "EI": 0, "EI^2": 0, "base": 10.1}, "X_PHA": {"NH4_removal": 0.0015727052923210027, "P_removal": 0.00012547243842315922, "NH4_removal^2": 0.000839985013772284, "P_removal^2": -9.597296706795883e-05, "EI": 0, "EI^2": 0, "base": 0.0044}, "X_PP": {"NH4_removal": 0.3298816067139648, "P_removal": 0.002339202560856992, "NH4_removal^2": 0, "P_removal^2": 0, "EI": 0, "EI^2": 0, "base": 2.7}, "X_S": {"NH4_removal": -0.046628736242999326, "P_removal": 0.0042848611075003516, "NH4_removal^2": -0.02840069544591513, "P_removal^2": 0.00031616967335459126, "EI": 0, "EI^2": 0, "base": 3.9}}