{"S_A": {"NH4_removal": -0.00014520450515209478, "P_removal": 0.00038897963890800795, "NH4_removal^2": -0.001100028440120695, "P_removal^2": -0.00011410548313590446, "EI": 0, "EI^2": 0, "base": 0.097}, "S_F": {"NH4_removal": -0.004154072816060282, "P_removal": -0.0015536779347605214, "NH4_removal^2": 0.0009008187171113113, "P_removal^2": 0.0012945004494818967, "EI": 0, "EI^2": 0, "base": 0.15}, "S_I": {"NH4_removal": 0.0010514870496238467, "P_removal": 0.0005696240313628895, "NH4_removal^2": -0.000669880843251865, "P_removal^2": -0.0003868189308696643, "EI": 0, "EI^2": 0, "base": 0.057}, "S_N2": {"NH4_removal": -0.008640741376905434, "P_removal": 0.00028146248752018574, "NH4_removal^2": 0, "P_removal^2": 0, "EI": 0, "EI^2": 0, "base": 0.036}, "S_NH4": {"NH4_removal": -0.01492762395488937, "P_removal": -0.0009184667683824701, "NH4_removal^2": 0, "P_removal^2": 0, "EI": 0, "EI^2": 0, "base": 0.03}, "S_NO3": {"NH4_removal": -0.0017712121042694755, "P_removal": 5.9715072125536555e-05, "NH4_removal^2": 0, "P_removal^2": 0, "EI": 0, "EI^2": 0, "base": 0.002}, "S_O2": {"NH4_removal": 0.00010038265972030775, "P_removal": 4.386009667352272e-05, "NH4_removal^2": -3.6714157851439135e-05, "P_removal^2": -3.2950217271280965e-05, "EI": 0, "EI^2": 0, "base": 0.0013}, "S_PO4": {"NH4_removal": 0.08894968618650904, "P_removal": -0.7829347246849442, "NH4_removal^2": 0, "P_removal^2": 0, "EI": 0, "EI^2": 0, "base": 0.74}, "S_K": {"NH4_removal": -0.008561472318640935, "P_removal": -0.004611951889836825, "NH4_removal^2": 0.0053759983847495, "P_removal^2": 0.00313416713770008, "EI": 0, "EI^2": 0, "base": 0.38}, "S_Mg": {"NH4_removal": 0.00036886055154895797, "P_removal": 2.5821173735840573e-05, "NH4_removal^2": 0, "P_removal^2": 0, "EI": 0, "EI^2": 0, "base": 0.024}, "S_IC": {"NH4_removal": -0.0015553694744148078, "P_removal": -0.0012316891652425087, "NH4_removal^2": 0.001995788116768471, "P_removal^2": 0.0007180524990375076, "EI": 0, "EI^2": 0, "base": 0.075}, "X_AUT": {"NH4_removal": -0.22682032866688365, "P_removal": -0.0012858194808905705, "NH4_removal^2": 0, "P_removal^2": 0, "EI": 0, "EI^2": 0, "base": 0.28}, "X_H": {"NH4_removal": -0.9364913575604542, "P_removal": -0.0024441357032895608, "NH4_removal^2": 0, "P_removal^2": 0, "EI": 0, "EI^2": 0, "base": 23.4}, "X_I": {"NH4_removal": -0.4575201598270272, "P_removal": 0.016533239864344032, "NH4_removal^2": 0, "P_removal^2": 0, "EI": 0, "EI^2": 0, "base": 11.4}, "X_PAO": {"NH4_removal": 0.9703713504433076, "P_removal": 0.03743950711363992, "NH4_removal^2": 0, "P_removal^2": 0, "EI": 0, "EI^2": 0, "base": 10.1}, "X_PHA": {"NH4_removal": 0.0023234526194546765, "P_removal": -0.00017587535498746386, "NH4_removal^2": 0, "P_removal^2": 0, "EI": 0, "EI^2": 0, "base": 0.0044}, "X_PP": {"NH4_removal": 0.32948201423722817, "P_removal": 0.0025175960212037605, "NH4_removal^2": 0, "P_removal^2": 0, "EI": 0, "EI^2": 0, "base": 2.7}, "X_S": {"NH4_removal": -0.06991268531529019, "P_removal": 0.011006296320706864, "NH4_removal^2": 0, "P_removal^2": 0, "EI": 0, "EI^2": 0, "base": 3.9}}